form_no,period_year,period_month,employee_code,form_title,due_date
DEMO-KPI-202607-001,2026,7,MGT001,Monthly KPI - Plant Management,2026-07-31
DEMO-KPI-202607-002,2026,7,MGT002,Monthly KPI - Plant Management,2026-07-31
DEMO-KPI-202607-003,2026,7,MGT003,Monthly KPI - Plant Management,2026-07-31
DEMO-KPI-202607-004,2026,7,MGT004,Monthly KPI - Plant Management,2026-07-31
DEMO-KPI-202607-005,2026,7,ADM001,Monthly KPI - Plant Management,2026-07-31
DEMO-KPI-202607-006,2026,7,PPC001,Monthly KPI - Production Planning Control,2026-07-31
DEMO-KPI-202607-007,2026,7,PPC002,Monthly KPI - Production Planning Control,2026-07-31
DEMO-KPI-202607-008,2026,7,PPC003,Monthly KPI - Production Planning Control,2026-07-31
DEMO-KPI-202607-009,2026,7,PPC004,Monthly KPI - Production Planning Control,2026-07-31
DEMO-KPI-202607-010,2026,7,PPC005,Monthly KPI - Production Planning Control,2026-07-31
DEMO-KPI-202607-011,2026,7,PROD001,Monthly KPI - Production,2026-07-31
DEMO-KPI-202607-012,2026,7,PROD002,Monthly KPI - Production,2026-07-31
DEMO-KPI-202607-013,2026,7,PROD003,Monthly KPI - Production,2026-07-31
DEMO-KPI-202607-014,2026,7,PROD004,Monthly KPI - Production,2026-07-31
DEMO-KPI-202607-015,2026,7,PROD005,Monthly KPI - Production,2026-07-31
DEMO-KPI-202607-016,2026,7,QA001,Monthly KPI - Quality Assurance,2026-07-31
DEMO-KPI-202607-017,2026,7,QA002,Monthly KPI - Quality Assurance,2026-07-31
DEMO-KPI-202607-018,2026,7,QA003,Monthly KPI - Quality Assurance,2026-07-31
DEMO-KPI-202607-019,2026,7,QA004,Monthly KPI - Quality Assurance,2026-07-31
DEMO-KPI-202607-020,2026,7,QA005,Monthly KPI - Quality Assurance,2026-07-31
DEMO-KPI-202607-021,2026,7,ENG001,Monthly KPI - Engineering,2026-07-31
DEMO-KPI-202607-022,2026,7,ENG002,Monthly KPI - Engineering,2026-07-31
DEMO-KPI-202607-023,2026,7,ENG003,Monthly KPI - Engineering,2026-07-31
DEMO-KPI-202607-024,2026,7,ENG004,Monthly KPI - Engineering,2026-07-31
DEMO-KPI-202607-025,2026,7,ENG005,Monthly KPI - Engineering,2026-07-31
DEMO-KPI-202607-026,2026,7,MTN001,Monthly KPI - Maintenance,2026-07-31
DEMO-KPI-202607-027,2026,7,MTN002,Monthly KPI - Maintenance,2026-07-31
DEMO-KPI-202607-028,2026,7,MTN003,Monthly KPI - Maintenance,2026-07-31
DEMO-KPI-202607-029,2026,7,MTN004,Monthly KPI - Maintenance,2026-07-31
DEMO-KPI-202607-030,2026,7,MTN005,Monthly KPI - Maintenance,2026-07-31
DEMO-KPI-202607-031,2026,7,WHS001,Monthly KPI - Warehouse,2026-07-31
DEMO-KPI-202607-032,2026,7,WHS002,Monthly KPI - Warehouse,2026-07-31
DEMO-KPI-202607-033,2026,7,WHS003,Monthly KPI - Warehouse,2026-07-31
DEMO-KPI-202607-034,2026,7,WHS004,Monthly KPI - Warehouse,2026-07-31
DEMO-KPI-202607-035,2026,7,WHS005,Monthly KPI - Warehouse,2026-07-31
DEMO-KPI-202607-036,2026,7,MCL001,Monthly KPI - Material Control Logistics,2026-07-31
DEMO-KPI-202607-037,2026,7,MCL002,Monthly KPI - Material Control Logistics,2026-07-31
DEMO-KPI-202607-038,2026,7,MCL003,Monthly KPI - Material Control Logistics,2026-07-31
DEMO-KPI-202607-039,2026,7,MCL004,Monthly KPI - Material Control Logistics,2026-07-31
DEMO-KPI-202607-040,2026,7,MCL005,Monthly KPI - Material Control Logistics,2026-07-31
DEMO-KPI-202607-041,2026,7,PUR001,Monthly KPI - Purchasing,2026-07-31
DEMO-KPI-202607-042,2026,7,PUR002,Monthly KPI - Purchasing,2026-07-31
DEMO-KPI-202607-043,2026,7,PUR003,Monthly KPI - Purchasing,2026-07-31
DEMO-KPI-202607-044,2026,7,PUR004,Monthly KPI - Purchasing,2026-07-31
DEMO-KPI-202607-045,2026,7,PUR005,Monthly KPI - Purchasing,2026-07-31
DEMO-KPI-202607-046,2026,7,HRGA001,Monthly KPI - Human Resources & General Affairs,2026-07-31
DEMO-KPI-202607-047,2026,7,HRGA002,Monthly KPI - Human Resources & General Affairs,2026-07-31
DEMO-KPI-202607-048,2026,7,HRGA003,Monthly KPI - Human Resources & General Affairs,2026-07-31
DEMO-KPI-202607-049,2026,7,HRGA004,Monthly KPI - Human Resources & General Affairs,2026-07-31
DEMO-KPI-202607-050,2026,7,HRGA005,Monthly KPI - Human Resources & General Affairs,2026-07-31
